symbol,exchange,date,open,high,low,close,volume
AAPL,XNAS,2025-05-15T00:00:00+00:00,210.95,212.96,209.54,211.45,45029473
AAPL,XNAS,2025-05-16T00:00:00+00:00,212.36,212.57,209.77,211.26,54737850
AAPL,XNAS,2025-05-19T00:00:00+00:00,207.91,209.48,204.26,208.78,46140527
AAPL,XNAS,2025-05-20T00:00:00+00:00,207.67,208.47,205.03,206.86,42496635
AAPL,XNAS,2025-05-21T00:00:00+00:00,205.17,207.04,200.71,202.09,59211774
AAPL,XNAS,2025-05-22T00:00:00+00:00,200.71,202.75,199.7,201.36,46742407
AAPL,XNAS,2025-05-23T00:00:00+00:00,193.665,197.7,193.46,195.27,78432918
AAPL,XNAS,2025-05-27T00:00:00+00:00,198.3,200.74,197.43,200.21,56288475
AAPL,XNAS,2025-05-28T00:00:00+00:00,200.59,202.73,199.9,200.42,45339678
AAPL,XNAS,2025-05-29T00:00:00+00:00,203.575,203.81,198.51,199.95,51477938
AAPL,XNAS,2025-05-30T00:00:00+00:00,199.37,201.96,196.78,200.85,70819942
AAPL,XNAS,2025-06-02T00:00:00+00:00,200.28,202.13,200.12,201.7,35423294
AAPL,XNAS,2025-06-03T00:00:00+00:00,201.35,203.77,200.955,203.27,46381567
AAPL,XNAS,2025-06-04T00:00:00+00:00,202.91,206.24,202.1,202.82,43603985
AAPL,XNAS,2025-06-05T00:00:00+00:00,203.5,204.75,200.15,200.63,55221235
AAPL,XNAS,2025-06-06T00:00:00+00:00,203.0,205.7,202.05,203.92,46607693
AAPL,XNAS,2025-06-09T00:00:00+00:00,204.39,206.0,200.02,201.45,72862557
AAPL,XNAS,2025-06-10T00:00:00+00:00,200.6,204.35,200.57,202.67,54672608
AAPL,XNAS,2025-06-11T00:00:00+00:00,203.5,204.5,198.41,198.78,60989857
AAPL,XNAS,2025-06-12T00:00:00+00:00,199.08,199.68,197.3601,199.2,43904635
AAPL,XNAS,2025-06-13T00:00:00+00:00,199.73,200.37,195.7,196.45,51447349
AAPL,XNAS,2025-06-16T00:00:00+00:00,197.3,198.685,196.5636,198.42,43020691
AAPL,XNAS,2025-06-17T00:00:00+00:00,197.2,198.39,195.21,195.64,38856152
AAPL,XNAS,2025-06-18T00:00:00+00:00,195.94,197.57,195.07,196.58,45394689
AAPL,XNAS,2025-06-20T00:00:00+00:00,198.235,201.7,196.855,201.0,96813542
AAPL,XNAS,2025-06-23T00:00:00+00:00,201.625,202.3,198.96,201.5,55814272
AAPL,XNAS,2025-06-24T00:00:00+00:00,202.59,203.44,200.2,200.3,54064033
AAPL,XNAS,2025-06-25T00:00:00+00:00,201.45,203.67,200.6201,201.56,39525730
AAPL,XNAS,2025-06-26T00:00:00+00:00,201.43,202.64,199.46,201.0,50799121
AAPL,XNAS,2025-06-27T00:00:00+00:00,201.89,203.22,200.0,201.08,73188571
AAPL,XNAS,2025-06-30T00:00:00+00:00,202.01,207.39,199.2607,205.17,91912816
AAPL,XNAS,2025-07-01T00:00:00+00:00,206.665,210.1865,206.1401,207.82,78788867
AAPL,XNAS,2025-07-02T00:00:00+00:00,208.91,213.34,208.14,212.44,67941811
AAPL,XNAS,2025-07-03T00:00:00+00:00,212.145,214.65,211.8101,213.55,34955836
AAPL,XNAS,2025-07-07T00:00:00+00:00,212.68,216.23,208.8,209.95,50228984
AAPL,XNAS,2025-07-08T00:00:00+00:00,210.1,211.43,208.45,210.01,42848928
AAPL,XNAS,2025-07-09T00:00:00+00:00,209.53,211.33,207.22,211.14,48749367
AAPL,XNAS,2025-07-10T00:00:00+00:00,210.505,213.48,210.03,212.41,44443635
AAPL,XNAS,2025-07-11T00:00:00+00:00,210.565,212.13,209.86,211.16,39765812
AAPL,XNAS,2025-07-14T00:00:00+00:00,209.925,210.91,207.54,208.62,38840111
AAPL,XNAS,2025-07-15T00:00:00+00:00,209.22,211.89,208.92,209.11,42296339
AAPL,XNAS,2025-07-16T00:00:00+00:00,210.295,212.4,208.64,210.16,47490532
AAPL,XNAS,2025-07-17T00:00:00+00:00,210.57,211.8,209.59,210.02,48068141
AAPL,XNAS,2025-07-18T00:00:00+00:00,210.87,211.79,209.7045,211.18,48974591
AAPL,XNAS,2025-07-21T00:00:00+00:00,212.1,215.78,211.63,212.48,51377434
AAPL,XNAS,2025-07-22T00:00:00+00:00,213.14,214.95,212.2301,214.4,46404072
AAPL,XNAS,2025-07-23T00:00:00+00:00,215.0,215.15,212.41,214.15,46989301
AAPL,XNAS,2025-07-24T00:00:00+00:00,213.9,215.69,213.53,213.76,46022620
AAPL,XNAS,2025-07-25T00:00:00+00:00,214.7,215.24,213.4,213.88,40268781
AAPL,XNAS,2025-07-28T00:00:00+00:00,214.03,214.845,213.06,214.05,37858017
AAPL,XNAS,2025-07-29T00:00:00+00:00,214.175,214.81,210.82,211.27,51411723
AAPL,XNAS,2025-07-30T00:00:00+00:00,211.895,212.39,207.72,209.05,45512514
AAPL,XNAS,2025-07-31T00:00:00+00:00,208.49,209.84,207.16,207.57,80698431
AAPL,XNAS,2025-08-01T00:00:00+00:00,210.865,213.58,201.5,202.38,104434473
AAPL,XNAS,2025-08-04T00:00:00+00:00,204.505,207.88,201.675,203.35,75109298
AAPL,XNAS,2025-08-05T00:00:00+00:00,203.4,205.34,202.16,202.92,44155079
AAPL,XNAS,2025-08-06T00:00:00+00:00,205.63,215.38,205.59,213.25,108483103
AAPL,XNAS,2025-08-07T00:00:00+00:00,218.875,220.85,216.58,220.03,90224834
AAPL,XNAS,2025-08-08T00:00:00+00:00,220.83,231.0,219.25,229.35,113853967
AAPL,XNAS,2025-08-11T00:00:00+00:00,227.92,229.56,224.76,227.18,61806132
AAPL,XNAS,2025-08-12T00:00:00+00:00,228.005,230.8,227.07,229.65,55672301
JPM,XNYS,2025-05-15T00:00:00+00:00,266.745,269.52,264.76,267.49,9214641
JPM,XNYS,2025-05-16T00:00:00+00:00,267.49,268.4593,264.71,267.56,8932912
JPM,XNYS,2025-05-19T00:00:00+00:00,265.53,268.32,261.93,264.88,12145045
JPM,XNYS,2025-05-20T00:00:00+00:00,262.72,266.66,262.3,265.68,8436337
JPM,XNYS,2025-05-21T00:00:00+00:00,264.01,265.65,260.7263,261.04,7464045
JPM,XNYS,2025-05-22T00:00:00+00:00,259.36,262.3,258.8687,260.67,6514113
JPM,XNYS,2025-05-23T00:00:00+00:00,256.77,261.99,256.0001,260.71,6671841
JPM,XNYS,2025-05-27T00:00:00+00:00,262.04,265.3,261.99,265.29,7506555
JPM,XNYS,2025-05-28T00:00:00+00:00,265.695,266.72,262.9,263.49,5535408
JPM,XNYS,2025-05-29T00:00:00+00:00,264.8,265.4099,262.53,264.37,5081992
JPM,XNYS,2025-05-30T00:00:00+00:00,263.7,265.33,262.725,264.0,10977662
JPM,XNYS,2025-06-02T00:00:00+00:00,263.02,265.03,261.9,264.66,6011165
JPM,XNYS,2025-06-03T00:00:00+00:00,263.79,266.58,262.88,266.27,6998383
JPM,XNYS,2025-06-04T00:00:00+00:00,265.75,267.12,264.18,264.22,5915710
JPM,XNYS,2025-06-05T00:00:00+00:00,264.53,264.74,260.31,261.95,8179258
JPM,XNYS,2025-06-06T00:00:00+00:00,264.33,266.65,264.26,265.73,7738134
JPM,XNYS,2025-06-09T00:00:00+00:00,266.0,267.9,263.35,266.74,8285364
JPM,XNYS,2025-06-10T00:00:00+00:00,266.0,268.9,265.85,268.6,7538135
JPM,XNYS,2025-06-11T00:00:00+00:00,268.67,269.6199,265.7862,268.15,7434064
JPM,XNYS,2025-06-12T00:00:00+00:00,266.86,268.29,265.14,268.24,6618026
JPM,XNYS,2025-06-13T00:00:00+00:00,265.08,267.02,262.71,264.95,7098265
JPM,XNYS,2025-06-16T00:00:00+00:00,267.0,271.73,266.85,270.36,8566019
JPM,XNYS,2025-06-17T00:00:00+00:00,268.17,270.59,267.8,269.52,6739262
JPM,XNYS,2025-06-18T00:00:00+00:00,269.8,277.72,269.72,273.96,9586440
JPM,XNYS,2025-06-20T00:00:00+00:00,275.53,277.3,273.8119,275.0,13969674
JPM,XNYS,2025-06-23T00:00:00+00:00,275.395,278.55,272.1128,278.27,8094559
JPM,XNYS,2025-06-24T00:00:00+00:00,280.21,282.715,279.51,281.26,9267941
JPM,XNYS,2025-06-25T00:00:00+00:00,281.255,284.28,280.91,284.06,6826901
JPM,XNYS,2025-06-26T00:00:00+00:00,284.7,289.41,284.47,288.75,8942062
JPM,XNYS,2025-06-27T00:00:00+00:00,285.81,288.6962,285.04,287.11,17868633
JPM,XNYS,2025-06-30T00:00:00+00:00,290.8095,292.65,288.92,289.91,12689156
JPM,XNYS,2025-07-01T00:00:00+00:00,290.89,291.13,286.59,290.41,9338260
JPM,XNYS,2025-07-02T00:00:00+00:00,292.23,292.822,289.7,292.0,8158692
JPM,XNYS,2025-07-03T00:00:00+00:00,292.15,296.4,291.21,296.0,6541646
JPM,XNYS,2025-07-07T00:00:00+00:00,295.26,296.04,290.08,291.97,8825732
JPM,XNYS,2025-07-08T00:00:00+00:00,289.275,289.7,280.31,282.78,15440856
JPM,XNYS,2025-07-09T00:00:00+00:00,287.195,287.195,282.48,283.16,11273801
JPM,XNYS,2025-07-10T00:00:00+00:00,283.08,288.31,283.0,288.19,8413847
JPM,XNYS,2025-07-11T00:00:00+00:00,284.7747,287.38,283.655,286.86,7384674
JPM,XNYS,2025-07-14T00:00:00+00:00,287.11,289.3,285.2556,288.7,9079941
JPM,XNYS,2025-07-15T00:00:00+00:00,288.0,291.95,285.48,286.55,12526110
JPM,XNYS,2025-07-16T00:00:00+00:00,288.4,290.73,283.01,285.82,9979768
JPM,XNYS,2025-07-17T00:00:00+00:00,283.615,290.2965,283.44,289.9,8509504
JPM,XNYS,2025-07-18T00:00:00+00:00,289.62,292.5,288.23,291.27,12217018
JPM,XNYS,2025-07-21T00:00:00+00:00,290.945,294.18,290.58,290.97,7898141
JPM,XNYS,2025-07-22T00:00:00+00:00,291.5,293.625,289.18,291.43,6717461
JPM,XNYS,2025-07-23T00:00:00+00:00,292.84,296.99,292.55,296.76,7083510
JPM,XNYS,2025-07-24T00:00:00+00:00,297.42,299.5899,296.2,296.55,7001242
JPM,XNYS,2025-07-25T00:00:00+00:00,296.7,298.9,295.955,298.62,5918875
JPM,XNYS,2025-07-28T00:00:00+00:00,297.7,299.43,296.82,298.28,5840417
JPM,XNYS,2025-07-29T00:00:00+00:00,300.0,301.2931,296.2,297.04,7635719
JPM,XNYS,2025-07-30T00:00:00+00:00,297.42,300.61,297.38,299.63,8061742
JPM,XNYS,2025-07-31T00:00:00+00:00,298.5,300.975,295.5,296.24,14749652
JPM,XNYS,2025-08-01T00:00:00+00:00,290.4,291.795,284.2376,289.37,12007111
JPM,XNYS,2025-08-04T00:00:00+00:00,290.725,294.32,290.26,294.26,6649542
JPM,XNYS,2025-08-05T00:00:00+00:00,294.69,295.785,287.24,291.37,7182333
JPM,XNYS,2025-08-06T00:00:00+00:00,292.045,293.29,290.16,291.35,6330155
JPM,XNYS,2025-08-07T00:00:00+00:00,292.94,293.46,286.41,286.94,8057109
JPM,XNYS,2025-08-08T00:00:00+00:00,288.98,291.23,284.706,288.76,6634506
JPM,XNYS,2025-08-11T00:00:00+00:00,289.34,291.32,288.78,289.56,5510113
JPM,XNYS,2025-08-12T00:00:00+00:00,291.48,294.75,290.34,292.85,8572034
MSFT,XNAS,2025-05-15T00:00:00+00:00,450.765,456.19,450.4301,453.13,21992323
MSFT,XNAS,2025-05-16T00:00:00+00:00,452.05,454.36,448.73,454.27,23849781
MSFT,XNAS,2025-05-19T00:00:00+00:00,450.875,459.585,450.8,458.87,21336509
MSFT,XNAS,2025-05-20T00:00:00+00:00,455.59,458.34,454.3201,458.17,15441808
MSFT,XNAS,2025-05-21T00:00:00+00:00,454.57,457.78,451.814,452.57,19216906
MSFT,XNAS,2025-05-22T00:00:00+00:00,454.95,460.25,453.9,454.86,18025612
MSFT,XNAS,2025-05-23T00:00:00+00:00,449.98,453.69,448.91,450.18,16883509
MSFT,XNAS,2025-05-27T00:00:00+00:00,456.48,460.95,456.115,460.69,20974293
MSFT,XNAS,2025-05-28T00:00:00+00:00,461.22,462.52,456.93,457.36,17086261
MSFT,XNAS,2025-05-29T00:00:00+00:00,461.55,461.72,455.3105,458.68,13982211
MSFT,XNAS,2025-05-30T00:00:00+00:00,459.715,461.68,455.54,460.36,34770475
MSFT,XNAS,2025-06-02T00:00:00+00:00,457.14,462.11,456.89,461.97,16626495
MSFT,XNAS,2025-06-03T00:00:00+00:00,461.47,464.14,460.8622,462.97,15743760
MSFT,XNAS,2025-06-04T00:00:00+00:00,464.0,465.69,463.0201,463.87,14162688
MSFT,XNAS,2025-06-05T00:00:00+00:00,464.955,469.65,464.03,467.68,20154460
MSFT,XNAS,2025-06-06T00:00:00+00:00,470.085,473.335,468.78,470.38,15285624
MSFT,XNAS,2025-06-09T00:00:00+00:00,469.7,473.43,468.62,472.75,16469932
MSFT,XNAS,2025-06-10T00:00:00+00:00,471.185,472.8,466.96,470.92,15375944
MSFT,XNAS,2025-06-11T00:00:00+00:00,470.02,475.47,469.655,472.62,16399176
MSFT,XNAS,2025-06-12T00:00:00+00:00,475.02,480.415,473.52,478.87,18950582
MSFT,XNAS,2025-06-13T00:00:00+00:00,476.41,479.18,472.76,474.96,16814456
MSFT,XNAS,2025-06-16T00:00:00+00:00,475.21,480.6943,475.0,479.14,15626104
MSFT,XNAS,2025-06-17T00:00:00+00:00,475.395,478.7399,474.08,478.04,15414128
MSFT,XNAS,2025-06-18T00:00:00+00:00,478.0,481.0,474.46,480.24,17526452
MSFT,XNAS,2025-06-20T00:00:00+00:00,482.23,483.46,476.87,477.4,37576206
MSFT,XNAS,2025-06-23T00:00:00+00:00,478.21,487.75,472.51,486.0,24863952
MSFT,XNAS,2025-06-24T00:00:00+00:00,488.95,491.849,486.795,490.11,22305642
MSFT,XNAS,2025-06-25T00:00:00+00:00,492.04,494.5556,489.39,492.27,17495099
MSFT,XNAS,2025-06-26T00:00:00+00:00,492.98,498.04,492.81,497.45,21578853
MSFT,XNAS,2025-06-27T00:00:00+00:00,497.55,499.3,493.03,495.94,34539236
MSFT,XNAS,2025-06-30T00:00:00+00:00,497.04,500.76,495.33,497.41,28368991
MSFT,XNAS,2025-07-01T00:00:00+00:00,496.47,498.05,490.98,492.05,19945375
MSFT,XNAS,2025-07-02T00:00:00+00:00,489.99,493.5,488.7,491.09,16319641
MSFT,XNAS,2025-07-03T00:00:00+00:00,493.81,500.13,493.44,498.84,13984829
MSFT,XNAS,2025-07-07T00:00:00+00:00,497.38,498.75,495.225,497.72,13981605
MSFT,XNAS,2025-07-08T00:00:00+00:00,497.24,498.2,494.11,496.62,11846586
MSFT,XNAS,2025-07-09T00:00:00+00:00,500.3,506.78,499.74,503.51,18659538
MSFT,XNAS,2025-07-10T00:00:00+00:00,503.05,504.44,497.75,501.48,16498740
MSFT,XNAS,2025-07-11T00:00:00+00:00,498.47,505.03,497.795,503.32,16459512
MSFT,XNAS,2025-07-14T00:00:00+00:00,501.515,503.97,501.03,503.02,12058848
MSFT,XNAS,2025-07-15T00:00:00+00:00,503.02,508.3,502.79,505.82,14927202
MSFT,XNAS,2025-07-16T00:00:00+00:00,505.18,506.72,501.89,505.62,15154374
MSFT,XNAS,2025-07-17T00:00:00+00:00,505.68,513.37,505.62,511.7,17503129
MSFT,XNAS,2025-07-18T00:00:00+00:00,514.48,514.64,507.43,510.05,21209666
MSFT,XNAS,2025-07-21T00:00:00+00:00,506.705,512.09,505.55,510.06,14066805
MSFT,XNAS,2025-07-22T00:00:00+00:00,510.97,511.2,505.27,505.27,13868644
MSFT,XNAS,2025-07-23T00:00:00+00:00,506.75,506.79,500.7,505.87,16396585
MSFT,XNAS,2025-07-24T00:00:00+00:00,508.77,513.67,507.3,510.88,16107000
MSFT,XNAS,2025-07-25T00:00:00+00:00,512.465,518.29,510.3592,513.71,19125699
MSFT,XNAS,2025-07-28T00:00:00+00:00,514.08,515.0,510.12,512.5,14308027
MSFT,XNAS,2025-07-29T00:00:00+00:00,515.53,517.62,511.56,512.57,16469235
MSFT,XNAS,2025-07-30T00:00:00+00:00,515.17,515.95,509.435,513.24,26380434
MSFT,XNAS,2025-07-31T00:00:00+00:00,555.225,555.45,531.9,533.5,51617326
MSFT,XNAS,2025-08-01T00:00:00+00:00,535.0,535.8,520.86,524.11,28977628
MSFT,XNAS,2025-08-04T00:00:00+00:00,528.27,538.25,528.13,535.64,25349004
MSFT,XNAS,2025-08-05T00:00:00+00:00,537.18,537.3,527.24,527.75,19171569
MSFT,XNAS,2025-08-06T00:00:00+00:00,530.9,531.7,524.03,524.94,21355702
MSFT,XNAS,2025-08-07T00:00:00+00:00,526.8,528.09,517.5511,520.84,16079144
MSFT,XNAS,2025-08-08T00:00:00+00:00,522.6,524.66,519.41,522.04,15531009
MSFT,XNAS,2025-08-11T00:00:00+00:00,522.3,527.59,519.72,521.77,20194372
MSFT,XNAS,2025-08-12T00:00:00+00:00,523.75,530.98,522.7,529.24,18688921
GOOGL,XNAS,2025-05-15T00:00:00+00:00,165.84,166.205,162.3732,163.96,33146669
GOOGL,XNAS,2025-05-16T00:00:00+00:00,167.725,169.35,165.62,166.19,42846925
GOOGL,XNAS,2025-05-19T00:00:00+00:00,164.51,166.64,164.22,166.54,30426097
GOOGL,XNAS,2025-05-20T00:00:00+00:00,166.43,168.5,162.9,163.98,46607656
GOOGL,XNAS,2025-05-21T00:00:00+00:00,163.69,173.14,163.56,168.56,73415956
GOOGL,XNAS,2025-05-22T00:00:00+00:00,171.85,176.77,170.71,170.87,74864418
GOOGL,XNAS,2025-05-23T00:00:00+00:00,169.055,169.96,167.89,168.47,35211439
GOOGL,XNAS,2025-05-27T00:00:00+00:00,170.16,173.17,170.0,172.9,37995670
GOOGL,XNAS,2025-05-28T00:00:00+00:00,173.16,175.265,171.9107,172.36,34783997
GOOGL,XNAS,2025-05-29T00:00:00+00:00,174.0,174.4193,170.63,171.86,29373803
GOOGL,XNAS,2025-05-30T00:00:00+00:00,171.35,172.205,167.44,171.74,52639911
GOOGL,XNAS,2025-06-02T00:00:00+00:00,167.84,169.87,167.39,169.03,38612272
GOOGL,XNAS,2025-06-03T00:00:00+00:00,167.49,168.475,165.28,166.18,45084903
GOOGL,XNAS,2025-06-04T00:00:00+00:00,166.735,168.215,166.36,168.05,26900838
GOOGL,XNAS,2025-06-05T00:00:00+00:00,170.34,170.93,167.59,168.21,36444564
GOOGL,XNAS,2025-06-06T00:00:00+00:00,170.83,174.5,170.83,173.68,35731832
GOOGL,XNAS,2025-06-09T00:00:00+00:00,174.54,176.47,174.37,176.09,28935906
GOOGL,XNAS,2025-06-10T00:00:00+00:00,176.2,181.105,174.91,178.6,61766121
GOOGL,XNAS,2025-06-11T00:00:00+00:00,179.77,180.37,176.75,177.35,31646757
GOOGL,XNAS,2025-06-12T00:00:00+00:00,176.18,176.72,174.745,175.7,20941873
GOOGL,XNAS,2025-06-13T00:00:00+00:00,172.44,177.13,172.385,174.67,27663107
GOOGL,XNAS,2025-06-16T00:00:00+00:00,174.73,176.94,174.65,176.77,27389208
GOOGL,XNAS,2025-06-17T00:00:00+00:00,175.7,177.3648,174.58,175.95,24973043
GOOGL,XNAS,2025-06-18T00:00:00+00:00,176.01,176.56,173.2,173.32,28707524
GOOGL,XNAS,2025-06-20T00:00:00+00:00,173.945,174.34,165.46,166.64,75659917
GOOGL,XNAS,2025-06-23T00:00:00+00:00,166.27,167.34,162.0,165.19,57670985
GOOGL,XNAS,2025-06-24T00:00:00+00:00,166.92,168.22,166.13,166.77,40524312
GOOGL,XNAS,2025-06-25T00:00:00+00:00,167.63,172.36,167.55,170.68,35478989
GOOGL,XNAS,2025-06-26T00:00:00+00:00,172.43,173.69,169.94,173.54,31796690
GOOGL,XNAS,2025-06-27T00:00:00+00:00,173.54,178.68,171.73,178.53,108140200
GOOGL,XNAS,2025-06-30T00:00:00+00:00,180.78,181.23,174.58,176.23,63378856
GOOGL,XNAS,2025-07-01T00:00:00+00:00,175.735,176.09,173.53,175.84,35904526
GOOGL,XNAS,2025-07-02T00:00:00+00:00,175.54,178.86,175.07,178.64,29128947
GOOGL,XNAS,2025-07-03T00:00:00+00:00,178.5,179.67,177.05,179.53,21689729
GOOGL,XNAS,2025-07-07T00:00:00+00:00,179.06,179.297,175.68,176.79,34175648
GOOGL,XNAS,2025-07-08T00:00:00+00:00,177.85,177.95,172.81,174.36,40442535
GOOGL,XNAS,2025-07-09T00:00:00+00:00,175.25,179.44,172.77,176.62,43025594
GOOGL,XNAS,2025-07-10T00:00:00+00:00,175.63,178.429,174.38,177.62,29252386
GOOGL,XNAS,2025-07-11T00:00:00+00:00,176.785,181.43,176.48,180.19,34282922
GOOGL,XNAS,2025-07-14T00:00:00+00:00,181.01,183.67,179.68,181.56,32536632
GOOGL,XNAS,2025-07-15T00:00:00+00:00,182.81,184.22,181.6,182.0,33448251
GOOGL,XNAS,2025-07-16T00:00:00+00:00,183.235,184.327,182.03,182.97,33104193
GOOGL,XNAS,2025-07-17T00:00:00+00:00,182.14,184.06,180.48,183.58,31992565
GOOGL,XNAS,2025-07-18T00:00:00+00:00,185.4,186.42,183.71,185.06,34014509
GOOGL,XNAS,2025-07-21T00:00:00+00:00,186.25,190.285,186.15,190.1,45803129
GOOGL,XNAS,2025-07-22T00:00:00+00:00,191.495,191.645,187.46,191.34,44660215
GOOGL,XNAS,2025-07-23T00:00:00+00:00,191.5,192.53,189.18,190.23,58681948
GOOGL,XNAS,2025-07-24T00:00:00+00:00,197.03,197.95,191.0,192.17,74881687
GOOGL,XNAS,2025-07-25T00:00:00+00:00,191.98,194.33,191.26,193.18,39785863
GOOGL,XNAS,2025-07-28T00:00:00+00:00,193.65,194.05,190.84,192.58,38139504
GOOGL,XNAS,2025-07-29T00:00:00+00:00,192.43,195.92,192.08,195.75,41389153
GOOGL,XNAS,2025-07-30T00:00:00+00:00,195.6,197.5999,194.685,196.53,32445405
GOOGL,XNAS,2025-07-31T00:00:00+00:00,195.71,195.99,191.09,191.9,51329163
GOOGL,XNAS,2025-08-01T00:00:00+00:00,189.025,190.83,187.82,189.13,34832181
GOOGL,XNAS,2025-08-04T00:00:00+00:00,190.29,195.27,190.12,195.04,31547350
GOOGL,XNAS,2025-08-05T00:00:00+00:00,194.71,197.8599,193.885,194.67,31602340
GOOGL,XNAS,2025-08-06T00:00:00+00:00,194.5,196.63,193.67,196.09,21562908
GOOGL,XNAS,2025-08-07T00:00:00+00:00,197.06,197.54,194.33,196.52,26321811
GOOGL,XNAS,2025-08-08T00:00:00+00:00,197.22,202.61,197.17,201.42,39161826
GOOGL,XNAS,2025-08-11T00:00:00+00:00,200.935,201.475,199.07,201.0,25832435
GOOGL,XNAS,2025-08-12T00:00:00+00:00,201.365,204.5,200.59,203.34,30424452
BAC,XNYS,2025-05-15T00:00:00+00:00,44.6,44.98,44.01,44.38,47379372
BAC,XNYS,2025-05-16T00:00:00+00:00,44.33,44.79,43.655,44.69,49488135
BAC,XNYS,2025-05-19T00:00:00+00:00,44.11,45.14,44.11,44.77,37915717
BAC,XNYS,2025-05-20T00:00:00+00:00,44.59,44.91,44.41,44.69,33424251
BAC,XNYS,2025-05-21T00:00:00+00:00,44.38,44.49,43.145,43.25,55594058
BAC,XNYS,2025-05-22T00:00:00+00:00,43.175,43.57,42.96,43.31,29026187
BAC,XNYS,2025-05-23T00:00:00+00:00,42.395,43.43,42.35,43.2,34875060
BAC,XNYS,2025-05-27T00:00:00+00:00,43.79,44.22,43.295,44.22,36322007
BAC,XNYS,2025-05-28T00:00:00+00:00,44.21,44.4385,43.96,44.06,35673753
BAC,XNYS,2025-05-29T00:00:00+00:00,44.39,44.46,43.9,44.24,28553008
BAC,XNYS,2025-05-30T00:00:00+00:00,44.2,44.3,43.72,44.13,66537474
BAC,XNYS,2025-06-02T00:00:00+00:00,43.88,44.15,43.36,44.08,28582598
BAC,XNYS,2025-06-03T00:00:00+00:00,44.01,44.73,43.94,44.65,31320154
BAC,XNYS,2025-06-04T00:00:00+00:00,44.6,45.09,44.34,44.36,30591708
BAC,XNYS,2025-06-05T00:00:00+00:00,44.375,44.575,44.01,44.38,32036157
BAC,XNYS,2025-06-06T00:00:00+00:00,44.69,45.165,44.64,44.97,37013001
BAC,XNYS,2025-06-09T00:00:00+00:00,45.11,45.4,44.78,44.87,32414025
BAC,XNYS,2025-06-10T00:00:00+00:00,44.76,45.195,44.75,45.09,32229081
BAC,XNYS,2025-06-11T00:00:00+00:00,45.2,45.41,44.55,44.73,47873455
BAC,XNYS,2025-06-12T00:00:00+00:00,44.41,44.65,44.02,44.62,30165422
BAC,XNYS,2025-06-13T00:00:00+00:00,43.995,44.46,43.6649,44.09,43281740
BAC,XNYS,2025-06-16T00:00:00+00:00,44.63,44.89,44.35,44.41,34103646
BAC,XNYS,2025-06-17T00:00:00+00:00,44.27,44.67,44.06,44.23,27489633
BAC,XNYS,2025-06-18T00:00:00+00:00,44.26,45.2,44.21,45.06,37684730
BAC,XNYS,2025-06-20T00:00:00+00:00,45.305,45.65,45.265,45.5,64591572
BAC,XNYS,2025-06-23T00:00:00+00:00,45.425,46.37,45.105,46.3,42683615
BAC,XNYS,2025-06-24T00:00:00+00:00,46.74,47.19,46.565,46.66,45437593
BAC,XNYS,2025-06-25T00:00:00+00:00,46.575,46.98,46.46,46.85,33532391
BAC,XNYS,2025-06-26T00:00:00+00:00,46.945,47.58,46.9,47.46,40127021
BAC,XNYS,2025-06-27T00:00:00+00:00,47.45,47.67,46.91,47.12,56705021
BAC,XNYS,2025-06-30T00:00:00+00:00,47.62,47.62,47.03,47.32,47921177
BAC,XNYS,2025-07-01T00:00:00+00:00,47.02,48.42,46.94,48.15,48540877
BAC,XNYS,2025-07-02T00:00:00+00:00,48.36,48.73,48.06,48.71,48003612
BAC,XNYS,2025-07-03T00:00:00+00:00,48.945,49.305,48.81,48.93,21620278
BAC,XNYS,2025-07-07T00:00:00+00:00,48.735,49.21,48.365,48.66,35567880
BAC,XNYS,2025-07-08T00:00:00+00:00,47.5,47.79,46.76,47.15,88086497
BAC,XNYS,2025-07-09T00:00:00+00:00,47.16,47.45,46.71,46.84,46227855
BAC,XNYS,2025-07-10T00:00:00+00:00,46.9,47.22,46.78,46.97,44224992
BAC,XNYS,2025-07-11T00:00:00+00:00,46.64,46.81,46.25,46.73,31653005
BAC,XNYS,2025-07-14T00:00:00+00:00,46.81,47.07,46.55,47.07,36381172
BAC,XNYS,2025-07-15T00:00:00+00:00,46.88,47.01,45.95,46.15,55144992
BAC,XNYS,2025-07-16T00:00:00+00:00,46.25,46.56,45.01,46.03,61296628
BAC,XNYS,2025-07-17T00:00:00+00:00,45.635,47.22,45.44,47.02,56480729
BAC,XNYS,2025-07-18T00:00:00+00:00,47.01,47.38,46.9,47.32,48314188
BAC,XNYS,2025-07-21T00:00:00+00:00,47.54,48.04,47.2,47.48,32199673
BAC,XNYS,2025-07-22T00:00:00+00:00,47.62,48.17,47.46,47.77,34749381
BAC,XNYS,2025-07-23T00:00:00+00:00,48.02,48.305,47.805,48.14,31380097
BAC,XNYS,2025-07-24T00:00:00+00:00,48.45,49.0,48.21,48.39,42967619
BAC,XNYS,2025-07-25T00:00:00+00:00,48.39,48.55,47.935,48.45,24461228
BAC,XNYS,2025-07-28T00:00:00+00:00,48.45,48.54,48.0801,48.23,20590380
BAC,XNYS,2025-07-29T00:00:00+00:00,48.39,48.51,47.8901,47.95,26216484
BAC,XNYS,2025-07-30T00:00:00+00:00,48.26,48.5,47.7401,47.96,32265850
BAC,XNYS,2025-07-31T00:00:00+00:00,47.76,48.03,47.19,47.27,40016313
BAC,XNYS,2025-08-01T00:00:00+00:00,46.35,46.41,45.32,45.66,52310438
BAC,XNYS,2025-08-04T00:00:00+00:00,45.9,46.105,45.635,45.85,31038904
BAC,XNYS,2025-08-05T00:00:00+00:00,45.95,46.0,44.75,45.56,36798320
BAC,XNYS,2025-08-06T00:00:00+00:00,45.715,45.94,45.385,45.42,27916767
BAC,XNYS,2025-08-07T00:00:00+00:00,45.71,45.76,44.78,44.92,30609882
BAC,XNYS,2025-08-08T00:00:00+00:00,45.15,46.3,44.98,46.01,37131557
BAC,XNYS,2025-08-11T00:00:00+00:00,46.055,46.52,45.81,46.16,35559383
BAC,XNYS,2025-08-12T00:00:00+00:00,46.48,47.66,46.36,47.5,35484466
WMT,XNYS,2025-05-15T00:00:00+00:00,94.3,96.72,91.89,96.35,44026125
WMT,XNYS,2025-05-16T00:00:00+00:00,96.14,99.1946,95.995,98.24,33746187
WMT,XNYS,2025-05-19T00:00:00+00:00,96.65,98.28,95.81,98.12,20041573
WMT,XNYS,2025-05-20T00:00:00+00:00,98.555,98.8183,96.52,97.8,15609610
WMT,XNYS,2025-05-21T00:00:00+00:00,97.125,97.7556,95.975,96.43,15742336
WMT,XNYS,2025-05-22T00:00:00+00:00,96.55,96.96,95.815,95.93,13712163
WMT,XNYS,2025-05-23T00:00:00+00:00,95.0001,96.54,95.0,96.34,13668621
WMT,XNYS,2025-05-27T00:00:00+00:00,97.08,97.795,96.58,97.58,17180937
WMT,XNYS,2025-05-28T00:00:00+00:00,97.52,98.24,97.06,97.24,11220098
WMT,XNYS,2025-05-29T00:00:00+00:00,97.63,97.77,96.8509,97.1,14343738
WMT,XNYS,2025-05-30T00:00:00+00:00,96.6,98.93,96.6,98.72,29980069
WMT,XNYS,2025-06-02T00:00:00+00:00,98.72,99.905,98.05,99.77,16999205
WMT,XNYS,2025-06-03T00:00:00+00:00,99.565,100.89,98.57,99.98,15598643
WMT,XNYS,2025-06-04T00:00:00+00:00,99.79,100.13,99.32,99.35,11115649
WMT,XNYS,2025-06-05T00:00:00+00:00,99.295,99.59,97.605,97.96,15825276
WMT,XNYS,2025-06-06T00:00:00+00:00,98.42,98.56,96.97,97.47,15599294
WMT,XNYS,2025-06-09T00:00:00+00:00,97.4,97.85,96.77,97.45,13655700
WMT,XNYS,2025-06-10T00:00:00+00:00,97.29,98.0892,96.48,97.32,17162468
WMT,XNYS,2025-06-11T00:00:00+00:00,97.29,97.29,95.35,95.8,16389620
WMT,XNYS,2025-06-12T00:00:00+00:00,94.87,95.26,93.43,94.83,17845704
WMT,XNYS,2025-06-13T00:00:00+00:00,94.52,95.32,94.005,94.44,18694739
WMT,XNYS,2025-06-16T00:00:00+00:00,94.75,95.78,94.095,94.29,14881663
WMT,XNYS,2025-06-17T00:00:00+00:00,93.95,94.82,93.62,94.25,14935630
WMT,XNYS,2025-06-18T00:00:00+00:00,94.6025,95.49,94.09,95.09,11333690
WMT,XNYS,2025-06-20T00:00:00+00:00,95.33,96.31,95.2,96.12,20604918
WMT,XNYS,2025-06-23T00:00:00+00:00,95.92,97.93,95.67,97.87,20432351
WMT,XNYS,2025-06-24T00:00:00+00:00,97.73,99.105,97.25,98.0,22403655
WMT,XNYS,2025-06-25T00:00:00+00:00,98.31,98.56,97.15,97.26,11154676
WMT,XNYS,2025-06-26T00:00:00+00:00,96.9,97.34,95.915,96.02,19361417
WMT,XNYS,2025-06-27T00:00:00+00:00,96.32,97.76,96.16,97.27,31431912
WMT,XNYS,2025-06-30T00:00:00+00:00,97.23,98.14,96.31,97.78,17803030
WMT,XNYS,2025-07-01T00:00:00+00:00,97.6,99.1899,97.4238,98.24,15635847
WMT,XNYS,2025-07-02T00:00:00+00:00,98.125,98.3817,97.055,97.61,12501965
WMT,XNYS,2025-07-03T00:00:00+00:00,97.7,98.48,97.42,98.36,7686204
WMT,XNYS,2025-07-07T00:00:00+00:00,98.235,99.35,97.62,99.35,12930913
WMT,XNYS,2025-07-08T00:00:00+00:00,98.82,99.17,96.51,97.09,16874954
WMT,XNYS,2025-07-09T00:00:00+00:00,97.11,97.29,96.38,96.81,13702615
WMT,XNYS,2025-07-10T00:00:00+00:00,96.66,96.78,94.735,94.86,18894787
WMT,XNYS,2025-07-11T00:00:00+00:00,95.005,95.5344,94.23,94.4,14595047
WMT,XNYS,2025-07-14T00:00:00+00:00,94.545,95.84,94.38,95.78,13779084
WMT,XNYS,2025-07-15T00:00:00+00:00,95.645,95.78,94.935,95.39,10450759
WMT,XNYS,2025-07-16T00:00:00+00:00,95.415,95.8296,94.605,95.15,11181552
WMT,XNYS,2025-07-17T00:00:00+00:00,95.075,95.63,94.89,95.09,11165126
WMT,XNYS,2025-07-18T00:00:00+00:00,95.085,95.4801,94.43,95.05,14636294
WMT,XNYS,2025-07-21T00:00:00+00:00,95.255,96.64,95.1,95.67,13450359
WMT,XNYS,2025-07-22T00:00:00+00:00,95.84,96.67,95.74,95.85,9049130
WMT,XNYS,2025-07-23T00:00:00+00:00,96.01,96.29,95.29,95.68,9729672
WMT,XNYS,2025-07-24T00:00:00+00:00,95.57,96.955,95.35,96.6,14991517
WMT,XNYS,2025-07-25T00:00:00+00:00,96.8876,97.65,96.53,97.47,12868466
WMT,XNYS,2025-07-28T00:00:00+00:00,97.28,98.125,97.075,97.61,12293060
WMT,XNYS,2025-07-29T00:00:00+00:00,97.78,98.72,97.34,98.33,14034265
WMT,XNYS,2025-07-30T00:00:00+00:00,98.425,98.88,97.29,97.59,13864096
WMT,XNYS,2025-07-31T00:00:00+00:00,97.44,98.63,97.31,97.98,15651348
WMT,XNYS,2025-08-01T00:00:00+00:00,97.98,98.83,97.6705,98.49,16750407
WMT,XNYS,2025-08-04T00:00:00+00:00,98.2,99.91,98.2,99.59,19050206
WMT,XNYS,2025-08-05T00:00:00+00:00,99.67,100.47,98.91,99.31,17977008
WMT,XNYS,2025-08-06T00:00:00+00:00,99.46,103.685,99.46,103.36,23738420
WMT,XNYS,2025-08-07T00:00:00+00:00,103.71,103.9,102.11,103.12,12509479
WMT,XNYS,2025-08-08T00:00:00+00:00,103.4,104.72,103.15,103.73,12394722
WMT,XNYS,2025-08-11T00:00:00+00:00,103.99,104.33,103.11,103.93,12856706
WMT,XNYS,2025-08-12T00:00:00+00:00,104.0,104.31,103.37,103.62,17919327
